Classe,Volume moyen
ModerateDemented,2484.1372549019607
VeryMildDemented,2348.7450980392155
NonDemented,2334.843137254902
