Classe,Volume moyen
ModerateDemented,2353.705882352941
VeryMildDemented,2180.470588235294
NonDemented,2062.2156862745096
