Classe,Volume moyen
ModerateDemented,2356.078431372549
VeryMildDemented,2217.764705882353
NonDemented,2064.7450980392155
